{
  "failed_task_count": 28,
  "mean_metrics": {
    "executability": 0.16944444444444443,
    "goal_condition_recall": 0.20833333333333334,
    "robot_utilization": 0.16666666666666666,
    "success_rate": 0.1388888888888889,
    "task_completion_rate": 0.19444444444444445
  },
  "task_count": 36,
  "verification_rejection_count": 19
}